ImageName,Rating
5.jpg,4
0.jpg,1
3.jpg,4
3.jpg,5
4.jpg,6
2.jpg,2
1.jpg,2
4.jpg,6
5.jpg,7
1.jpg,2
1.jpg,2
4.jpg,5
2.jpg,3
6.jpg,6
8.jpg,6
8.jpg,7
6.jpg,6
5.jpg,6
8.jpg,6
1.jpg,2
7.jpg,8
7.jpg,8
3.jpg,4
4.jpg,5
3.jpg,4
0.jpg,2
3.jpg,5
0.jpg,2
0.jpg,2
6.jpg,6
7.jpg,7
1.jpg,3
2.jpg,3
3.jpg,6
3.jpg,5
5.jpg,7
4.jpg,5
0.jpg,2
4.jpg,6
8.jpg,7
1.jpg,3
4.jpg,6
4.jpg,6
2.jpg,2
8.jpg,8
2.jpg,2
2.jpg,2
0.jpg,4
2.jpg,4
8.jpg,8
7.jpg,8
3.jpg,6
8.jpg,8
0.jpg,3
4.jpg,5
6.jpg,6
1.jpg,2
8.jpg,6
7.jpg,7
1.jpg,2
4.jpg,6
4.jpg,5
2.jpg,3
7.jpg,7
2.jpg,3
8.jpg,5
1.jpg,2
7.jpg,5
6.jpg,5
2.jpg,2
3.jpg,5
4.jpg,6
1.jpg,2
1.jpg,2
7.jpg,6
2.jpg,2
7.jpg,5
5.jpg,5
1.jpg,3
8.jpg,7
2.jpg,3
0.jpg,2
2.jpg,2
6.jpg,5
3.jpg,3
7.jpg,7
0.jpg,4
5.jpg,6
4.jpg,5
2.jpg,3
6.jpg,7
0.jpg,2
5.jpg,6
1.jpg,3
2.jpg,3
0.jpg,4
6.jpg,7
7.jpg,7
7.jpg,7
2.jpg,3
